full_prof_name,class_name
morgan-b-malone,aero-st-1a
morgan-b-malone,aero-st-20a
robert-everhart,aero-st-130a
mae-li-a-allison,aero-st-140a
caroline-streeter,af-amer-1
None,af-amer-m5
None,af-amer-m8a
richard-yarborough,af-amer-m104a
harryette-r-mullen,af-amer-m104e
tananarive-due,af-amer-112a
kyle-t-mays,af-amer-m121
brenda-e-stevenson,af-amer-m158b
None,am-ind-m10
kyle-t-mays,am-ind-m123
None,am-ind-m161
None,am-ind-m187a
keri-bradford-gomez,am-ind-202
angela-r-riley,am-ind-m265a
angela-r-riley,am-ind-265b
lauren-van-schilfgaarde,am-ind-m267
lauren-van-schilfgaarde,am-ind-280a
lauren-van-schilfgaarde,am-ind-280b
m-m-smith,anthro-2
jessica-cattelino,anthro-3
h-samy-alim,anthro-4
gregson-t-schachner,anthro-110
fernanda-neubauer,anthro-113p
m-li,anthro-116q
thomas-wake,anthro-c117
doreen-de-leon,anthro-119
julie-wood,anthro-124p
abigail-bigham,anthro-m126n
jennifer-rashidi,anthro-126p
perry-daniel,anthro-128p
seinenu-myint-thein,anthro-130
d-l-hart,anthro-134
douglas-w-hollan,anthro-136b
robert-lemelson,anthro-139
loyd-gattis,anthro-141
han-yan,anthro-149
None,anthro-151
None,anthro-152r
z-pearlstone,anthro-154q
andrew-levine,anthro-163q
thomas-wake,archeol-m205a
amr-shahat,archeol-m205a
vikram-tamboli,art-31a
l-lopez-gaspar-de-al,art-m185
arthur-m-cohen,art-his-21
eun-h-lee,art-his-29
m-papadopoulos,art-his-m114c
sharon-gerstel,art-his-c116a
None,art-his-121c
gregory-todd-harwell,art-his-124
natasha-medvedev,art-his-127b
None,art-his-c128b
tiffany-e-barber,art-his-c136a
beth-rosenblum,art-his-c142b
kristopher-kersey,art-his-251b
caitlin-fong,asia-am-10
lily-anne-yumi-tamai,asia-am-20
victor-bascara,asia-am-40w
cindy-sangalang,asia-am-m161
s-s-kim,asia-am-171c
chase-linsley,bioengr-10
daniel-t.-kamei,bioengr-100
robert-g-wong,bioengr-c104
timothy-j-deming,bioengr-c105
jacob-j-schmidt,bioengr-120
sophia-sangiorgio,bioengr-c135
park-williams,bioengr-cm145
pei-yu-chiou,bioengr-m153
j-chen,bioengr-c166
mireille-kamariza,bioengr-177a
chase-linsley,bioengr-cm178
None,bioengr-m184
wilson-chen,bioengr-188
wilson-chen,bioengr-188
robert-g-wong,bioengr-c204
timothy-j-deming,bioengr-c205
abeer-a.h.-alwan,bioengr-m214a
nasim-annabi,bioengr-m215
sophia-sangiorgio,bioengr-c235
park-williams,bioengr-cm245
j-chen,bioengr-c266
jeffrey-gornbein,biomath-170a
mary-elizabeth-sehl,biomath-200
hung-chou,biomath-201
roger-savage,biomath-202
linda-tseng,biomath-m260a
neil-wenger,biomath-m261
None,biomath-m281
None,biomath-m282
None,bmd-res-1a
amy-fluitt,bmd-res-5ha
kirsten-turlo,bmd-res-5hb
ronald-brookmeyer,biostat-120
alexandra-marie-varnum-klomhaus,biostat-200a
m.l.-wissner,biostat-201a
kim-g,biostat-203a
thomas-r-belin,biostat-211a
iris-m-ramirez,biostat-213
li-li,biostat-m215
None,biostat-216
michele-weiss,biostat-m236
None,biostat-m403b
laurence-lavelle,chem-14a
laurence-lavelle,chem-14a
franklin-ow,chem-14a
eric-r.-scerri,chem-14b
johnny-pang,chem-14bl
johnny-pang,chem-14bl
m-y-iu,chem-14c
m-y-iu,chem-14c
maher-m-henary,chem-14cl
v-h-pham,chem-14d
v-h-pham,chem-14d
randa-reslan,chem-17
abby-kavner,chem-20a
abby-kavner,chem-20a
prineha-narang,honors-lec-1
huiling-shao,chem-30a
None,chem-30al
franklin-ow,chem-30b
nicholas-deifel,chem-30bl
nicholas-deifel,chem-30cl
huiling-shao,chem-110a
thomas-g-mason,chem-110b
daniel-neuhauser,chem-113a
prineha-narang,chem-c115a
benjamin-j-schwartz,chem-c123a
eric-r.-scerri,chem-m124
None,chem-c125
floridalma-eliza-boj-lopez,ccas-20
j.ed-araiza,ccas-m103d
r.-torres,ccas-m105c
benjamin-a-harris,ccas-105f
martha-ramirez-oropeza,ccas-113
None,ccas-m125
lauren-f-guerra,ccas-m126
virginia-espino,ccas-m127
None,ccas-131
richard-andalon,ccas-149
alma-cortes,ccas-153d
izul-m-de-la-vega,ccas-m155b
l-lopez-gaspar-de-al,ccas-m185
alissa-joan-ellis,ccas-187c
ella-haselswerdt,classic-10
m-papadopoulos,classic-51a
k-nguyen-lam,classic-144
None,classic-144
lawrence-g-selna,classic-m146a
m-papadopoulos,classic-m153k
brian-hurwitz,comm-1
brian-hurwitz,comm-1
robert-mark-carpenter,comm-1
nushin-arbabzadah,comm-1
brian-hurwitz,comm-1
ian-mclean,comm-1
ian-mclean,comm-1
norman-jones,comm-1
norman-jones,comm-1
None,comm-1
michael-w-suman,comm-10
b.-vaughn,comm-m72a
raffi-kassabian,comm-101
robert-mark-carpenter,comm-102
nushin-arbabzadah,comm-104
karyl-kicenski,comm-108
david-peterson,comm-109
steve-stroessner,comm-m117
steve-stroessner,comm-m123
steven-e-clayman,comm-m144a
mark-huppin,comm-146
gary-yeritsian,comm-m147
georgia-kernell,comm-150
None,comm-151
michael-w-suman,comm-152
peter-j-lamberson,comm-156
None,comm-158
georgia-kernell,comm-160
paul-von-blum,comm-m165
stuart-neil-soroka,comm-173
david-peterson,comm-185
w-r-marquez,cesc-50xp
jennifer-a-wagman,com-hlt-20
paula-tavrow,com-hlt-100
bonnie-taub,com-hlt-132
philip-minter-massey,com-hlt-160
ezinne-nwankwo,com-hlt-205
gilbert-gee,com-hlt-210
taylor-kuhn,com-hlt-212
may-sudhinaraset,com-hlt-247
tzu-chin-chen,com-hlt-m251
ronald-j.-halbert,com-hlt-254
s-l-stratton,com-hlt-440
riley-ceperich,com-hlt-cm470
dana-rose-garfin,com-hlt-484
kathleen-l-komar,com-lit-2cw
None,com-lit-2cw
a-a-gooch,com-lit-100
todd-millstein,com-sci-30
david-a-smallberg,com-sci-31
david-a-smallberg,com-sci-31
howard-stahl,com-sci-32
anthony-nowatzki,com-sci-33
None,com-sci-35l
wendy-kurtz,com-sci-m51a
peter-reiher,com-sci-111
george-varghese,com-sci-118
x-xiao,com-sci-m119
maged-elaasar,com-sci-130
carey-nachenberg,com-sci-131
ryan-r-rosario,com-sci-134
tian-deng,com-sci-m138
sandra-batista,com-sci-m148
nader-sehatbakhsh,com-sci-m151b
guy-van-den-broeck,com-sci-161
guy-van-den-broeck,com-sci-161
zhou-min,com-sci-163
asish-law,com-sci-174a
alexander-korb,com-sci-180
raghu-meka,com-sci-181
None,com-sci-m184
ioanna-kakoulli,clt-htg-m215
c-p-o'meara,clt-htg-260
e.i.-ntekume,desma-10
e.i.-ntekume,desma-101
wendy-kurtz,dgt-hum-101
-sanders,dgt-hum-120
caitlin-solone,dis-std-101w
helen-e-deutsch,dis-std-m103
rachel-rose-knapp,dis-std-m112
jeffrey-b-lewis,dis-std-m115
caitlin-solone,dis-std-129
None,dis-std-m161
tina-treude,eps-sci-3
roger-hale-varney,eps-sci-m7
sean-d-young,eps-sci-9
None,eps-sci-15
pedro-manuel-monarrez,eps-sci-16
kevin-coffey,eps-sci-61
kevin-coffey,eps-sci-103b
edwin-schauble,eps-sci-c106
jonathan-aurnou,eps-sci-153
hao-cao,eps-sci-154
eduardo-paulo-jorge-da-costa-alves,eps-sci-m156
jeffrey-jacobs,eps-sci-cm173
lars-stixrude,eps-sci-200a
jonathan-aurnou,eps-sci-200b
juliana-newman,eps-sci-201
edwin-schauble,eps-sci-c206
None,eps-sci-cm273
olivia-osei-twumasi,econ-1
kimberly-s-boswell,econ-2
maurizio-mazzocco,econ-11
chris-surro,econ-11
jinyong-hahn,econ-41
jonathan-vogel,econ-101
matthew-bigio-luks,econ-102
randall-rojas,econ-103
randall-rojas,econ-103l
kimberly-s-boswell,econ-104
kimberly-s-boswell,econ-104l
patrick-dennis-convery,econ-106f
patrick-dennis-convery,econ-106fb
moritz-meyer-ter-vehn,econ-106i
moritz-meyer-ter-vehn,econ-106i
moritz-meyer-ter-vehn,econ-106il
moritz-meyer-ter-vehn,econ-106il
olivia-osei-twumasi,econ-111
pablo-fajgelbaum,econ-121
pablo-fajgelbaum,econ-121
adriana-lleras-muney,econ-133
adriana-lleras-muney,econ-133l
william-m-rafey,econ-134
william-m-rafey,econ-134
olivia-osei-twumasi,econ-137
ichiro-obara,econ-142
randall-rojas,econ-144
patrick-dennis-convery,econ-160
lorena-i-guillen,educ-10
lucrecia-santibanez,educ-11
mark-eagan,educ-35
sherrel-howard,educ-107a
richard-desjardins,educ-109a
karen-hunter-quartz,educ-113
judith-p-hansen,educ-150
minjeong-jeon,educ-151
ron-astor,educ-m177
jose-fe-martinez-fernandez,educ-200b
marko-sokolich,ec-engr-2
dennis-m-briggs,ec-engr-3
hooman-darabi,honors-lec-1
hooman-darabi,ec-engr-11l
miodrag-potkonjak,ec-engr-m16
nikita-gupta,ec-engr-100
sam-emaminejad,ec-engr-101a
mary-kao,ec-engr-102
danijela-cabric,ec-engr-113
dennis-m-briggs,ec-engr-113da
flavio-lorenzelli,ec-engr-114
jennifer-m-chang,ec-engr-115a
nader-sehatbakhsh,ec-engr-m116c
tian-deng,ec-engr-m117
x-xiao,ec-engr-m119
elaheh-ahmadi,ec-engr-121b
v.p.-foreman,ec-engr-131a
lieven-vandenberghe,ec-engr-133a
paulo-tabuada,ec-engr-141
sun-ah-jun,ec-engr-m148
hooman-darabi,engr-1it
steven-e-zipperstein,engr-2
scheherezade-j-hormozi,engr-87
meliha-bulu-taciroglu,engr-110
meliha-bulu-taciroglu,engr-111
gershon-weltman,engr-183ew
m.r.-phillips,engl-4w
kristen-cardon,engl-4w
m.r.-phillips,engl-4w
alan-chapman,engl-4w
sarah-martinez,engl-4w
j.p.-maloy,engl-4w
None,engl-4w
-wu,engl-4w
r-r-duke,engl-4w
rhonda-sharrah,engl-4w
m-martinez-fernande,engl-4w
kim-fisher,engl-10a
arthur-m-cohen,engl-10b
a-z-tumbaga,engl-20w
joseph-a-dimuro,engl-80
christopher-m-mott,engl-85
christopher-looby,engl-m101d
helen-e-deutsch,engl-m103
richard-yarborough,engl-m104a
harryette-r-mullen,engl-m104e
r.-torres,engl-m105c
steve-s-lee,engl-m107a
christopher-stephan,engl-110a
blake-allmendinger,engl-110v
blake-allmendinger,engl-115d
guinevere-turner,engl-118a
colleen-jaurretche,engl-119
saree-makdisi,engl-119
mitchum-huehls,engl-120
uri-mcmillan,engl-127
bonnie-foote,engl-135
j.a.-danan,environ-m1a
None,environ-140
None,environ-155
bernard-gold,environ-166
alan-i-barreca,environ-175
nanibaa-garrison,environ-180a
carl-a-maida,environ-185a
rebecca-shipe,environ-188b
irwin-suffet,env-hlt-101
miriam-marlier,env-hlt-c185a
j-tsai,env-hlt-c200a
j-tsai,env-hlt-255
shane-que-hee,env-hlt-256
None,env-hlt-259b
lara-j-cushing,env-hlt-414a
riley-ceperich,env-hlt-m471
marjan-javanbakht,epidem-120
None,epidem-200a
jennifer-kuo,epidem-m203
None,epidem-m204
pamina-m-gorbach,epidem-232
tzu-chin-chen,epidem-241
None,epidem-242
tzu-chin-chen,epidem-m254
brian-bradbury,epidem-268
None,epidem-m403
helen-rees,ethnmus-20c
jesse-ruskin,ethnmus-m25
anna-morcom,ethnmus-46w
marc-bolin,ethnmus-m50a
None,ethnmus-122
None,ethnmus-m131
melissa-bilal,ethnmus-m134
None,ethnmus-135
li-li,ethnmus-158
robert-allen-rushing,elts-140
a-l-hernandez,food-st-187
james-bassett,food-st-187
lilia-illes,geog-2
thomas-w-gillespie,geog-107
lilia-illes,geog-109
william-herrera,geog-146
kaily-a-heitz,geog-161
None,geog-171a
stephen-a-bell,geog-172a
y-shen,geog-181a
zhou-min,geog-182b
k.a.-serrano,geog-200a
kyle-c-cavanaugh,geog-201
li-li,geog-255
jesse-ruskin,gj-stds-m25
marc-bolin,gj-stds-m50a
harrison-katz,gj-stds-122a
tamir-hendelman,gj-stds-129a
None,gj-stds-m131
tejas-parasher,glbl-st-1
kal-raustiala,glbl-st-160
cindy-sangalang,hlt-pol-m110
None,hlt-pol-142
a.v.-balakrishnan,hlt-pol-200a
kevin-shih,hlt-pol-200a
jennifer-kuo,hlt-pol-m201
None,hlt-pol-225a
None,hlt-pol-239a
None,hlt-pol-243
None,hlt-pol-286
None,hlt-pol-403
n-pourat,hlt-pol-439
jean-hinshaw,hlt-pol-440a
julie-elginer,hlt-pol-445
m.r.-phillips,hlt-pol-446
david-d-phillips,hist-1a
stefania-tutino,hist-1b
diana-ford,hist-1c
alexander-a.-kapur,hist-3a
kevin-terraciano,hist-8a
sanjay-subrahmanyam,hist-9a
james-l-gelvin,hist-9d
richard-von-glahn,hist-11a
james-kelley,hist-12b
m-meranze,hist-13a
andrew-koh,hist-20
barton-myers,hist-94
maran-momdjian,hist-111b
david-d-phillips,hist-113a
gregory-woolf,hist-114a
john-s-langdon,hist-116a
lauren-f-guerra,hnrs-m145
m-c-palmer,hum-gen-401
yolanda-juanita-gorman,hum-gen-406
joshua-deignan,hum-gen-430
lucy-tucker-yates,i-e-std-m168a
clayton-cameron,i-e-std-205
t-t-vo-dang,inf-std-211
None,inf-std-275
quyen-nguyen,inf-std-278
robert-delgado-montoya,inf-std-423
joanna-kristen-fabicon,inf-std-424
anne-gilliland,inf-std-431
adina-matisoff,i-a-std-1
None,i-a-std-m8a
None,i-a-std-160
hannah-appel,intl-dv-1
suzanne-wright,intl-dv-110
jung-won-kim,intl-dv-160
weng-kee-wong,lbr-std-10
trevor-griffey,lbr-std-101
frank-tobias-higbie,lbr-std-m105
steve-stroessner,lbr-std-m117
None,lbr-std-m125
virginia-espino,lbr-std-m127
virginia-espino,lbr-std-140
loretta-m.-gaffney,lbr-std-153
juliana-newman,lbr-std-168
paul-von-blum,lbr-std-m175
raymond-rocco,lbr-std-179a
bonnie-taub,latn-am-205
catrice-monson,law-103
kayleen-r.-hartman,law-105
cynthia-merrill,law-113
cynthia-merrill,law-114
alexander-alben,law-117
shirin-bakhshay,law-202
christine-goodman,law-205
hillary-slevin,law-207
steven-heilman,law-211
eileen-scallen,law-211
paul-wonsowicz,law-211
jon-michaels,law-216
saba-ebrahimi,law-217
steven-bank,law-220
kimberly-anne-clausing,law-220
jason-s-oh,law-220
elizabeth-bawden,law-222
stephen-bainbridge,law-230
fernan-restrepo,law-230
andrew-verstein,law-230
john-power,law-234
park-williams,law-236
jennifer-marie-dixton,law-240
noah-zatz,law-260
a.j.-liszkiewicz,law-261
joseph-rene-fishkin,law-263
christopher-looby,lgbtqs-m101d
None,lgbtqs-m114
j-c-johnson,lgbtqs-m137
None,lgbtqs-183
debra-b-pires,lifesci-7a
andrea-burton,lifesci-7a
j.p.-maloy,lifesci-7a
d-c-pham,lifesci-7a
j.p.-maloy,lifesci-7a
ko-honda,lifesci-7a
debra-b-pires,lifesci-7b
kane-pithey,lifesci-7b
joseph-esdin,lifesci-7c
rima-khankan,lifesci-7c
gaston-m-pfluegl,lifesci-7l
j.p.-maloy,lifesci-15
steve-bennoun,lifesci-30a
steve-bennoun,lifesci-30a
yevgenya-shevtsov,lifesci-30a
yevgenya-shevtsov,lifesci-30a
None,lifesci-m32
d-c-pham,lifesci-107
stephen-a-bell,ling-103
yuan-zhang,ling-105
d.m.-mantonya,ling-110
sam-zukoff,ling-119a
sam-zukoff,ling-120a
jevon-hunter,ling-120b
dylan-bumford,ling-120c
None,ling-132
daria-bahtina,ling-c140
giuseppina-silvestri,ling-165b
None,ling-185a
None,ling-200a
ethan-poole,ling-200b
dylan-bumford,ling-200c
margaret-cychosz,ling-204b
julie-ann-gardner-treloar,mgmt-1a
julie-ann-gardner-treloar,mgmt-1a
None,mgmt-1b
jane-guerin,mgmt-108
marc-klein,mgmt-108
lu-liu,mgmt-120a
tamara-l-berges,mgmt-120a
marc-klein,mgmt-120b
lu-liu,mgmt-120b
casey-borman,mgmt-121
david-stephen-devito,mgmt-122
julie-ann-gardner-treloar,mgmt-123
None,mgmt-124
tamara-l-berges,mgmt-127a
marc-klein,mgmt-127a
david-ravetch,mgmt-142a
david-ravetch,mgmt-142a
david-a-nathanson,mgmt-159
wilson-chen,mgmt-160
wilson-chen,mgmt-160
david-a-nathanson,mgmt-161
casey-borman,mgmt-164
None,mgmt-168
mark-karlan,mgmt-170
a-a-gooch,mgmt-180
daniel-sussman,mgmt-228
jim-s-newton,mgmt-231e
mark-garmaise,mgmt-235
iris-firstenberg,mgmt-250d
constanca-medeiros-esteves-sorenson,mgmt-264a
d-d-kim,mat-sci-104
marta-pozuelo,mat-sci-104
gabriel-freiman,mat-sci-105
a-a-gooch,"crystal-structure,-nanostructures,-and-x-ray-scattering-lec-1"
magdalena-balonis,mat-sci-130
eric-p-bescher,mat-sci-160
carlos-morales-guio,mat-sci-cm163
chase-linsley,mat-sci-cm180
yang-yang,mat-sci-200
amartya-banerjee,mat-sci-201
ioanna-kakoulli,mat-sci-m213
jaime-marian,mat-sci-243c
q.-li,mat-sci-252
x-xiao,mat-sci-253
carlos-morales-guio,mat-sci-cm263
chase-linsley,mat-sci-cm280
y-shirai,mat-sci-282
c-m-johnson,math-1
c-m-johnson,math-1
paige-greene,math-3a
-wu,math-31a
None,math-31a
None,math-31a
None,math-31a
haoren-xiong,math-31b
changying-ding,math-31b
None,math-31b
jose-ignacio-yanez-etcheberry,math-32a
None,math-32a
li-li,math-32a
gary-shin,math-32a
tyler-arant,honors-lec-1
ali-kashefi,math-32b
None,math-32b
None,math-m32t
catherine-opie,math-33a
yang-yang,math-33a
tom-gannon,math-33a
None,math-33b
None,math-33b
weng-kee-wong,math-42
oleg-gleizer,math-61
colleen-robichaux,math-61
None,math-70
tyler-arant,math-95
sucharit-sarkar,math-100
heather-dallas,math-105a
wern-yeen-yeong,math-110a
burt-totaro,honors-lec-1
tuan-do,math-115a
tuan-do,math-115a
jan-nienhaus,math-115a
mark-stephen-ebert,math-115a
None,math-115a
mark-stephen-ebert,math-115a
None,math-115a
gary-shin,math-115a
wern-yeen-yeong,math-115a
w.j.-barminski,honors-lec-1
guido-montufar-cuartas,math-118
konstantinos-varvarezos,math-120a
None,math-131a
None,math-131a
konstantinos-varvarezos,math-131a
None,math-131a
xu-liu,math-131a
linda-tseng,med-m260a
thomas-kosakowski,med-m261
mina-soroosh,mimg-101
tejas-ashok-bouklas,mimg-103al
zhou-min,mimg-105
nickolas-hoffmann,mimg-m178
a-a-gooch,mil-sci-11
edward-r.b.-mccabe,mil-sci-21
edward-r.b.-mccabe,mil-sci-131
eric-sheppard,mil-sci-141
david-a-nathanson,m-pharm-237
-wu,m-pharm-291
p-p-yee,mcd-bio-50
None,mcd-bio-60
p-p-yee,mcd-bio-104al
j-chen,mcd-bio-138
william-lowry,mcd-bio-144
darlene-goldstein,mcd-bio-146
diana-rigueur,mcd-bio-165a
natik-piri,mcd-bio-m175a
dante-de-silva,musc-3
noah-meites,musc-20a
None,musc-20a
hitomi-oba,musc-21a
None,musc-21a
k.-noel-hearn,musc-50
david-macfadyen,msc-ind-1
None,msc-ind-2
None,msc-ind-10a
jack-beard,msc-ind-107a
elizabeth-r-upton,musclg-12w
rachel-rose-knapp,musclg-m112
k-a-brown,musclg-125a
caitlin-carlos,musclg-128
j-c-johnson,musclg-m137
aron-p-walker,nav-sci-1a
jonathan-david-paul-laredo,nav-sci-1b
perry-daniel,nav-sci-102c
None,nr-east-65
jesse-b-o'dell,neurbio-m200f
elena-nicole-dominguez,neurosc-10
natik-piri,neurosc-m101a
janel-le-belle,neurosc-102
william-grisham,neurosc-m116a
william-grisham,neurosc-m116a
william-grisham,neurosc-m116a
william-grisham,neurosc-m116a
william-grisham,neurosc-m116a
william-grisham,neurosc-m116a
eran-zaidel,neurosc-m119l
christopher-s-colwell,neurosc-cm123
weihong-ge,neurosc-150
jesse-b-o'dell,neuro-m202
christopher-s-colwell,neuro-cm223
benjamin-m-ellingson,neuro-265
None,nursing-10
su-jung,nursing-50
None,nursing-54b
wilson-chen,nursing-150a
beth-koser-schwartz,nursing-152a
beth-koser-schwartz,nursing-152b
barbara-arganda-roces,nursing-161
linda-ruhi-mahjoub,nursing-162c
None,nursing-174
carol-lynn-w-cunningham,nursing-200
betty-l-chang,nursing-202
e.a.-whipple,nursing-204
None,nursing-205b
su-jung,nursing-208
dorothy-wiley,nursing-210a
david-hamilton,nursing-212
manpreet-sidhu,nursing-216c
denice-economou,nursing-220
None,nursing-230a
xin-an,nursing-231
nancy-mcgrath,nursing-237a
lakeisha-shatara-falls,nursing-239c
None,nursing-250
grace-e-helton,philos-7
kareem-e-khalifa,philos-8
jingwen-yao,philos-10
steven-levy,philos-31
adam-crager,philos-100a
lawrence-g-selna,philos-m101a
lillie-hsu,philos-117
janelle-dewitt,philos-c119
kareem-e-khalifa,philos-c123
eric-r.-scerri,philos-m124
None,philos-138
janelle-dewitt,philos-152a
None,philos-155a
c-e-taylor,philos-168
None,philos-171
lillie-hsu,philos-185
anand-jayprakash-vaidya,philos-186
grace-e-helton,philos-m187
kareem-e-khalifa,philos-c236
michael-mcnitt-gray,pbmed-205
james-m.-lamb,pbmed-216
allan-mackenzie-graham,pbmed-218
hao-cao,pbmed-231
mary-roberts,pol-sci-6
natasha-piano,pol-sci-10
ying-ying-meng,pol-sci-20
michael-s-chwe,pol-sci-30
christopher-n-tausanovitch,pol-sci-40
michael-thies,pol-sci-50
natasha-piano,pol-sci-112a
cody-trojan,pol-sci-114a
john-gavin-branstetter,pol-sci-116a
davide-panagia,pol-sci-116b
cody-trojan,pol-sci-119
john-gavin-branstetter,pol-sci-119
stuart-w-pike,pol-sci-120a
amy-lohmann,pol-sci-122c
mary-roberts,pol-sci-124a
barrett-o'neill,pol-sci-125a
perry-daniel,pol-sci-126
perry-daniel,pol-sci-137a
stuart-w-pike,pol-sci-139
lee-galuska,pol-sci-139
None,pol-sci-139
scott-c-james,pol-sci-140b
christopher-baylor,pol-sci-m141a
christopher-baylor,pol-sci-141b
brian-d-taylor,psyctry-19
alexander-korb,psyctry-79
None,psyctry-79
None,psyctry-79
None,psyctry-79
None,psyctry-79
None,psyctry-79
None,psyctry-79
None,psyctry-79
None,psyctry-79
patricia-walshaw,psyctry-292
gail-e.-wyatt,psyctry-405
thomas-sherrer,pub-aff-10
gary-m-segura,pub-aff-50
m-phillips,pub-aff-60
latoya-small,pub-aff-80
michael-lens,pub-aff-m109
amada-armenta,pub-aff-116
m-phillips,pub-aff-m117dx
ron-astor,pub-aff-m125
emily-hotez,pub-aff-128
rebecca-e-crane,pub-aff-148
william-herrera,pub-aff-m159
steven-e-zipperstein,pub-aff-180
rebecca-e-crane,pub-aff-187ax
robert-j-kim-farley,pub-hlt-50a
shira-shafir,pub-hlt-c150
shira-shafir,pub-hlt-c201
qiuli-levin,pub-hlt-490
catherine-bonesho,relign-m10
simon-j-joseph,relign-11
ryan-gillespie,relign-55
stephanie-balkwill,relign-m60a
sung-deuk-oak,relign-m60c
jeremy-smoak,relign-m182a
None,soc-sc-402
None,soc-wlf-202a
laura-brinderson,soc-wlf-202a
mitchell-t-maki,soc-wlf-210a
ron-astor,soc-wlf-210a
hector-palencia,soc-wlf-210a
ron-astor,soc-wlf-210a
monica-blauner,soc-wlf-210a
tatiana-londoño,soc-wlf-211a
None,soc-wlf-211a
tatiana-londoño,soc-wlf-211a
courtney-demko,soc-wlf-211a
a.m.-james,soc-wlf-211a
None,soc-wlf-214a
None,soc-wlf-214a
ron-astor,soc-wlf-229a
jene-moio,soc-wlf-231a
jene-moio,soc-wlf-231a
q.-li,soc-wlf-231a
None,soc-wlf-231e
gerardo-ramirez,soc-wlf-231f
gerardo-ramirez,soc-wlf-231f
jene-moio,soc-wlf-241j
None,soc-wlf-m249a
lene-levy-storms,soc-wlf-260a
courtney-demko,soc-wlf-260a
leyla-karimli,soc-wlf-260a
jene-moio,soc-wlf-260a
a.m.-james,soc-wlf-290e
julian-martinez-m.d.,soc-wlf-m290m
michael-scroggins,soc-gen-5
michelle-rensel,soc-gen-m71a
b.-vaughn,soc-gen-m72a
patrick-allard,soc-gen-105b
scott-carr,soc-gen-108
abigail-bigham,soc-gen-m126
christopher-kelty,soc-gen-131
michelle-rensel,soc-gen-m144
chien-ling-zeleny,soc-gen-180
edit-villarreal,sociol-1
deanna-m-needell-hunter,sociol-m5
yu-yu-lin,sociol-20
daria-bahtina,sociol-20
b.-vaughn,sociol-m72a
mark-jepson,sociol-101
jonathan-sigmon,sociol-101
jonathan-sigmon,sociol-102
isaac-speer,sociol-110
christopher-wegemer,sociol-111
steven-e-clayman,sociol-cm124a
richard-andalon,sociol-131
karolina-l-placek,sociol-132
None,sociol-133
None,sociol-134
michelle-rensel,sociol-m144
None,sociol-147a
jason-sexton,sociol-147a
christopher-j-herring,sociol-158
None,sociol-m161
abigail-c-saguy,sociol-m162
None,sociol-172
gabriel-h-rossman,sociol-173
ruby-arreguin,span-1
javier-diaz,span-1
m.-f-hawthorne,span-1
shengxin-jia,span-1
alejandro-morales,span-1
m.r.-phillips,span-1
None,span-1
None,span-1
m.r.-phillips,span-2
iker-arranz-otaegui,span-2
j-j-murphy,span-2
f-j-villegas,span-2
None,span-3
carlota-suhr,span-3
carlota-suhr,span-3
gelsys-maria-garcia-lorenzo,span-3
gelsys-maria-garcia-lorenzo,span-3
gelsys-maria-garcia-lorenzo,span-3
None,span-4
m.r.-phillips,span-5
c-fernandez,span-7a
None,span-7a
o-cuevas,span-7b
None,span-11a
iker-arranz-otaegui,span-12a
alvaro-molina,span-25
elaine-tobin,span-25
None,span-25
michelle-luna,span-25
None,span-27
None,span-27
aina-soley-mateu,span-m35
patricia-arroyo-calderon,span-44
nohora-alejandra-arrieta-fernandez,span-119
j-marturano,span-119
john-c-dagenais,span-130
pierre-rodriguez,span-135
None,span-150
elaine-tobin,span-150
antonio-c-quicoli,span-160
None,span-160
rodrigo-ranero-echeverria,span-160
jose-de-la-torre,span-170
marty-g-cohen,span-180
maria-cha,stats-10
maria-cha,stats-10
susan-suh,stats-10
susan-suh,stats-10
michael-tsiang,stats-10
None,stats-10
None,stats-13
None,stats-13
d-kim,stats-13
d-kim,stats-13
None,stats-13
stephanie-l-gould,stats-15
thomas-maierhofer,stats-20
thomas-maierhofer,stats-20
tzu-chin-chen,stats-21
jocelyn-ho,stats-100a
jocelyn-ho,stats-100a
yang-wang,stats-100a
yang-wang,stats-100a
nicolas-christou,stats-100b
michael-tsiang,stats-100c
xu-liu,stats-101c
xu-liu,stats-101c
akram-m-almohalwas,stats-101c
akram-m-almohalwas,stats-101c
-wu,stats-102c
-wu,stats-102c
tzu-chin-chen,stats-102c
mahtash-m-esfandiari,stats-112
vivian-lew,stats-140xp
vivian-lew,stats-140xp
dave-zes,stats-140xp
dave-zes,stats-140xp
g-cheng,stats-c161
None,stats-c180
nicolas-christou,stats-c183
guido-montufar-cuartas,stats-200a
xu-liu,stats-201a
frederick-paik-schoenberg,stats-202a
None,stats-203
q.-li,stats-212
mark-handcock,stats-218
-wu,stats-m231a
onyebuchi-arah,stats-m243
g-cheng,stats-c261
nicolas-christou,stats-c283
None,theater-12
brian-d-taylor,theater-13
None,theater-14a
hans-vermy,theater-101a
michael-lens,urbn-pl-m120
None,urbn-pl-m168
michael-osman,urbn-pl-m201
jonathan-m-zasloff,urbn-pl-202
None,urbn-pl-m208a
vinit-mukhija,urbn-pl-219
kian-goh,urbn-pl-219
michael-osman,urbn-pl-220a
marques-augusta-vestal,urbn-pl-222a
None,urbn-pl-228
None,urbn-pl-228
richard-france,urbn-pl-249
brian-d-taylor,urbn-pl-m250
stephen-a-engel,urbn-pl-260a
None,urbn-pl-261
None,urbn-pl-262
william-herrera,urbn-pl-269
chad-david-horsford,urbn-pl-280
